CREATE TABLE STUDENT_INFO(
    RNO INT PRIMARY KEY,
    NAME VARCHAR(20) NOT NULL,
    BRANCH VARCHAR(20) DEFAULT 'CE'
);
INSERT INTO STUDENT_INFO
VALUES 
(101,'RAJU','CE'),
(102,'AMIT','CE'),
(103,'SANJAY','ME'),
(104,'NEHA','EC'),
(105,'MEERA','EE'),
(106,'MAHESH','ME');

CREATE TABLE RESULT(
    RESULTID INT PRIMARY KEY,
    SPI DECIMAL(4,2) CHECK(SPI >=0 AND SPI <=10),
   RNO INT,FOREIGN KEY(RNO) REFERENCES STUDENT_INFO(RNO)
);

INSERT INTO RESULT
VALUES 
(11,8.8,101),
(12,9.2,102),
(13,7.6,103),
(14,8.2,104),
(15,7.0,105),
(16,8.9,106);

CREATE TABLE DEPARTMENT(
    DEPARTMENTID INT PRIMARY KEY,
    DEPARTMENTNAME VARCHAR(100) NOT NULL UNIQUE,
    DEPARTMENTCODE VARCHAR(50) NOT NULL UNIQUE,
    LOCATION VARCHAR(50) NOT NULL
);

INSERT INTO DEPARTMENT
VALUES 
(1,'ADMIN','ADM','A-BLOCK'),
(2,'COMPUTER','CE','C-BLOCK'),
(3,'CIVIL','CL','G-BLOCK'),
(4,'ELECTRICAL','EE','E-BLOCK'),
(5,'MECHANICAL','ME','B-BLOCK'),
(6,'CHEMICAL','CH','D-BLOCK');


CREATE TABLE PERSON(
    PERSONID INT PRIMARY KEY,
    PERSONNAME VARCHAR(100) NOT NULL,
    DEPARTMENTID INT FOREIGN KEY (DEPARTMENTID) REFERENCES DEPARTMENT(DEPARTMENTID)NULL,
    SALARY DECIMAL(8,2) NOT NULL,
    JOININGDATE DATETIME NOT NULL,
    CITY VARCHAR(100) NOT NULL
);

INSERT INTO PERSON
VALUES 
(101,'RAHUL TRIPATHI',2,56000,'2000-01-01','RAJKOT'),
(102,'HARDIK PANDYA',3,18000,'2001-09-25','AHMEDABAD'),
(103,'BHAVIN KANANI',4,25000,'2000-05-14','BARODA'),
(104,'BHOOMI VAISHNAV',1,39000,'2005-02-08','RAJKOT'),
(105,'ROHIT TOPIYA',2,17000,'2001-07-23','JAMNAGAR'),
(106,'PRIYA MENPARA',NULL,9000,'2000-10-18','AHMEDDABAD'),
(107,'NEHA SHARMA',2,34000,'2002-12-25','RAJKOT'),
(108,'NAYAN GOSWAMI',3,25000,'2001-07-01','RAJKOT'),
(109,'MEHUL BHUNDIYA',4,13500,'2005-01-09','BARODA'),
(110,'MOHIT MARU',5,14000,'2000-05-25','JAMNAGAR');

